,rule,Def,support1,confidence1,lift1,support2,confidence2,lift2,support3,confidence3,lift3,support4,confidence4,lift4,support5,confidence5,lift5,support6,confidence6,lift6,support7,confidence7,lift7
210,"N1, F8, P5->I4","numfatal=1, fhevent=Pedestrian, ptype=Pedestrian->injury=Fatal Injury (K)",,,,0.061147065,0.956369983,2.116815951,0.058278299000000006,0.972920696,2.1302076430000003,0.06151907400000001,0.958928571,2.121796578,0.064367075,0.9614767259999999,2.116249387,0.055090348,0.9314456040000001,2.123643564,0.051216389,0.946123522,2.15743787
394,"F8, P5->N1, I4","fhevent=Pedestrian, ptype=Pedestrian->numfatal=1, injury=Fatal Injury (K)",,,,0.061147065,0.9464594129999999,2.395416339,0.058278299000000006,0.936685289,2.367358924,0.06151907400000001,0.933913043,2.387152842,0.064367075,0.94778481,2.4151384019999997,0.055090348,0.9124087590000001,2.430447845,0.051216389,0.925449871,2.52424802
421,"F8, P5->I4","fhevent=Pedestrian, ptype=Pedestrian->injury=Fatal Injury (K)",,,,0.06181655900000001,0.956822107,2.117816677,0.060595527999999996,0.9739292359999999,2.13241584,0.063122924,0.95826087,2.120319171,0.065334193,0.962025316,2.117456858,0.056324372000000004,0.932846715,2.12683802,0.052425665,0.947300771,2.1601223430000003
