,rule,Def,support1,confidence1,lift1,support2,confidence2,lift2,support3,confidence3,lift3,support4,confidence4,lift4,support5,confidence5,lift5,support6,confidence6,lift6,support7,confidence7,lift7
96,"N1, P5->I4, F8","numfatal=1, ptype=Pedestrian->injury=Fatal Injury (K), fhevent=Pedestrian",,,,0.061147065,0.883870968,14.29828811,0.058278299000000006,0.8778359509999999,14.40418649,0.06151907400000001,0.9055649240000001,14.34605485,0.064367075,0.88478582,13.49806039,0.055090348,0.869262865,15.40904251,0.051216389,0.861244019,16.40564827
334,"P5->N1, I4, F8","ptype=Pedestrian->numfatal=1, injury=Fatal Injury (K), fhevent=Pedestrian",,,,0.061147065,0.867088608,14.18037975,0.058278299000000006,0.836938436,14.36106489,0.06151907400000001,0.8817733990000001,14.33333333,0.064367075,0.8520625890000001,13.21549075,0.055090348,0.848032564,15.36889687,0.051216389,0.839160839,16.36189054
342,"P5->I4, F8","ptype=Pedestrian->injury=Fatal Injury (K), fhevent=Pedestrian",,,,0.06181655900000001,0.876582278,14.18037975,0.060595527999999996,0.870216306,14.27915768,0.063122924,0.904761905,14.33333333,0.065334193,0.864864865,13.19415153,0.056324372000000004,0.867028494,15.36943479,0.052425665,0.8589743590000001,16.36241401
